{
  "prevalence": 0.02321504714075899,
  "shuffled_ap_mean": 0.026107307419974624,
  "shuffled_ap_std": 0.004423953551443642,
  "full_ap_mean": 0.3655965182775257,
  "ablation_dense_only_ap_mean": 0.11660843072165775,
  "ablation_dense_only_ap_std": 0.013036392291676614,
  "ablation_dense_only_bal_acc": 0.7985322068306194,
  "leakage_suspected": false,
  "model_families_compared": true,
  "best_family_by_ap": "lgbm"
}