family,ap,roc,bal_acc,threshold
lr,0.4887070576822298,0.9871246534215374,0.9626521802396081,0.06792943038061262
lgbm,0.5,0.9881166028035117,0.988043847310472,0.2362537076758564
