decile,p_has,pred_has,count,true_pos
1,3.6497984646019904e-05,0,2111,0
2,0.00018332203840216467,0,2112,0
3,0.00045466495710363194,0,2109,0
4,0.0007784388195497916,0,2111,0
5,0.0015739311613327284,0,2111,0
6,0.003840728689901305,0,2110,0
7,0.009674020486228532,0,2111,0
8,0.026841064135281128,798,2110,0
9,0.10888881179990943,2112,2112,0
10,0.7017039959939146,2110,2110,490
