decile,p_has,pred_has,repo_root,true_pos
1,0.001870676425443141,0,2111,0
2,0.0033646491844219217,0,2111,0
3,0.0046033833096324394,0,2110,0
4,0.005598608354938758,0,2111,0
5,0.007175952932962697,0,2112,0
6,0.009745693590815384,0,2109,0
7,0.01325722009504974,0,2111,0
8,0.01904478343226572,0,2110,0
9,0.03397787585229064,0,2111,0
10,0.13856631875252207,1924,2111,490
