decile,p_has,pred_has,repo_root,true_pos
1,0.0018732106089773724,0,2111,0
2,0.0033714202416862795,0,2111,0
3,0.0046100554938824975,0,2110,0
4,0.005605607326695711,0,2111,0
5,0.0071874705800512055,0,2111,0
6,0.009667456270851776,0,2110,0
7,0.013141679847632896,0,2111,0
8,0.018836642939228532,0,2111,0
9,0.03370526594315832,0,2110,0
10,0.13805283962948578,1943,2111,490
